THEME,
Love,
Love,
Love,
Love,
Love,
Love,
Love,
Love,
Love,
Love,
Love,
Love,
Love,
Love,
Love,
Love,
Love,
Love,
Love,
Love,
Love,
Love,
Love,
Love,
Love,
Love,
Love,
Love,
Love,
Love,
Love,
Love,
Love,
Love,
Love,
Love,
Love,
Love,
Love,
Love,
Love,
Love,
Love,
Love,
Love,
Love,
Love,
Love,
Love,
Love,
Love,
Love,
Love,
Love,
Love,
Love,
Love,
Love,
Love,
Love,
Love,
Love,
Love,
Love,
Love,
Love,
Love,
Love,
Love,
Love,
Love,
Love,
Love,
Love,
Love,
Love,
Love,
Love,
Love,
Love,
Love,
Love,
Love,
Love,
Love,
Love,
Love,
Love,
Love,
Love,
Love,
Love,
Love,
Love,
Love,
Love,
Love,
Love,
Love,
Love,
Love,
Love,
Love,
Love,
Love,
Love,
Love,
Love,
Love,
Love,
Love,
Love,
Love,
Love,
Love,
Love,
Love,
Love,
Love,
Love,
Love,
Love,
Love,
Love,
Love,
Love,
Love,
Love,
Love,
Love,
Love,
Love,
Love,
Love,
Love,
Love,
Love,
Love,
Love,
Heartbreak,
Heartbreak,
Heartbreak,
Heartbreak,
Heartbreak,
Heartbreak,
Heartbreak,
Heartbreak,
Heartbreak,
Heartbreak,
Heartbreak,
Heartbreak,
Heartbreak,
Heartbreak,
Heartbreak,
Heartbreak,
Heartbreak,
Heartbreak,
Heartbreak,
Heartbreak,
Heartbreak,
Heartbreak,
Heartbreak,
Heartbreak,
Heartbreak,
Heartbreak,
Heartbreak,
Heartbreak,
Heartbreak,
Heartbreak,
Heartbreak,
Heartbreak,
Heartbreak,
Heartbreak,
Heartbreak,
Heartbreak,
Heartbreak,
Heartbreak,
Heartbreak,
Heartbreak,
Heartbreak,
Heartbreak,
Heartbreak,
Heartbreak,
Heartbreak,
Heartbreak,
Heartbreak,
Heartbreak,
Heartbreak,
Heartbreak,
Heartbreak,
Heartbreak,
Heartbreak,
Heartbreak,
Heartbreak,
Heartbreak,
Heartbreak,
Heartbreak,
Heartbreak,
Heartbreak,
Heartbreak,
Heartbreak,
Heartbreak,
Heartbreak,
Heartbreak,
Heartbreak,
Heartbreak,
Heartbreak,
Heartbreak,
Heartbreak,
Heartbreak,
Heartbreak,
Heartbreak,
Heartbreak,
Heartbreak,
Heartbreak,
Heartbreak,
Heartbreak,
Heartbreak,
Heartbreak,
Heartbreak,
Heartbreak,
Heartbreak,
Heartbreak,
Heartbreak,
Heartbreak,
Heartbreak,
Heartbreak,
Heartbreak,
Heartbreak,
Heartbreak,
Sex,
Heartbreak,
Heartbreak,
Heartbreak,
Heartbreak,
Heartbreak,
Heartbreak,
Heartbreak,
Heartbreak,
Heartbreak,
Heartbreak,
Heartbreak,
Heartbreak,
Heartbreak,
Heartbreak,
Heartbreak,
Heartbreak,
Heartbreak,
Heartbreak,
Heartbreak,
Heartbreak,
Heartbreak,
Heartbreak,
Heartbreak,
Heartbreak,
Heartbreak,
Heartbreak,
Heartbreak,
Heartbreak,
Heartbreak,
Heartbreak,
Heartbreak,
Heartbreak,
Heartbreak,
Heartbreak,
Heartbreak,
Heartbreak,
Heartbreak,
Heartbreak,
Heartbreak,
Heartbreak,
Heartbreak,
Heartbreak,
Heartbreak,
Heartbreak,
Heartbreak,
Heartbreak,
Heartbreak,
Heartbreak,
Heartbreak,
Heartbreak,
Heartbreak,
Heartbreak,
Heartbreak,
Heartbreak,
People and places,
People and places,
People and places,
People and places,
People and places,
People and places,
People and places,
People and places,
People and places,
People and places,
People and places,
People and places,
People and places,
People and places,
People and places,
People and places,
People and places,
People and places,
People and places,
People and places,
People and places,
People and places,
People and places,
People and places,
People and places,
People and places,
People and places,
People and places,
People and places,
People and places,
People and places,
People and places,
People and places,
People and places,
People and places,
People and places,
People and places,
People and places,
People and places,
People and places,
People and places,
People and places,
People and places,
People and places,
People and places,
People and places,
People and places,
People and places,
People and places,
People and places,
People and places,
People and places,
People and places,
People and places,
People and places,
People and places,
People and places,
People and places,
People and places,
People and places,
People and places,
People and places,
People and places,
People and places,
People and places,
People and places,
People and places,
People and places,
People and places,
People and places,
People and places,
People and places,
People and places,
People and places,
People and places,
People and places,
People and places,
People and places,
People and places,
People and places,
People and places,
People and places,
People and places,
People and places,
People and places,
People and places,
People and places,
People and places,
People and places,
People and places,
People and places,
People and places,
People and places,
People and places,
People and places,
People and places,
People and places,
People and places,
People and places,
People and places,
People and places,
People and places,
People and places,
People and places,
People and places,
People and places,
People and places,
People and places,
People and places,
People and places,
People and places,
People and places,
People and places,
People and places,
People and places,
People and places,
People and places,
People and places,
People and places,
People and places,
People and places,
People and places,
People and places,
People and places,
People and places,
People and places,
People and places,
People and places,
People and places,
People and places,
People and places,
People and places,
People and places,
People and places,
People and places,
People and places,
People and places,
People and places,
People and places,
People and places,
People and places,
People and places,
People and places,
People and places,
People and places,
Sex,
Sex,
Sex,
Sex,
Sex,
Sex,
Sex,
Sex,
Sex,
Sex,
Sex,
Sex,
Sex,
Sex,
Sex,
Sex,
Sex,
Sex,
Sex,
Sex,
Sex,
Sex,
Sex,
Sex,
Sex,
Sex,
Sex,
Sex,
Sex,
Sex,
Sex,
Sex,
Sex,
Sex,
Sex,
Sex,
Sex,
Sex,
Sex,
Sex,
Sex,
Sex,
Sex,
Sex,
Sex,
Sex,
Sex,
Sex,
Sex,
Sex,
Sex,
Sex,
Sex,
Sex,
Sex,
Sex,
Sex,
Sex,
Sex,
Sex,
Sex,
Sex,
Sex,
Sex,
Sex,
Sex,
Party songs,
Sex,
Sex,
Sex,
Sex,
Sex,
Sex,
Sex,
Sex,
Sex,
Sex,
Sex,
Sex,
Sex,
Sex,
Sex,
Sex,
Sex,
Sex,
Sex,
Sex,
Sex,
Sex,
Sex,
Sex,
Sex,
Sex,
Sex,
Sex,
Sex,
Sex,
Sex,
Sex,
Sex,
Sex,
Sex,
Sex,
Sex,
Sex,
Sex,
Sex,
Sex,
Sex,
Sex,
Sex,
Sex,
Sex,
Sex,
Sex,
Sex,
Sex,
Sex,
Sex,
Sex,
Sex,
Sex,
Sex,
Sex,
Sex,
Sex,
Sex,
Sex,
Sex,
Sex,
Sex,
Politics and protest,
Politics and protest,
Politics and protest,
Politics and protest,
Politics and protest,
Politics and protest,
Politics and protest,
Politics and protest,
Politics and protest,
Politics and protest,
Politics and protest,
Politics and protest,
Politics and protest,
Politics and protest,
Politics and protest,
Politics and protest,
Politics and protest,
Politics and protest,
Politics and protest,
Politics and protest,
Politics and protest,
Politics and protest,
Politics and protest,
Politics and protest,
Politics and protest,
Politics and protest,
Politics and protest,
Politics and protest,
Politics and protest,
Politics and protest,
Politics and protest,
Politics and protest,
Politics and protest,
Politics and protest,
Politics and protest,
Politics and protest,
Politics and protest,
Politics and protest,
Politics and protest,
Politics and protest,
Politics and protest,
Politics and protest,
Politics and protest,
Politics and protest,
Politics and protest,
Politics and protest,
Politics and protest,
Politics and protest,
Politics and protest,
Politics and protest,
Politics and protest,
Politics and protest,
Politics and protest,
Politics and protest,
Politics and protest,
Politics and protest,
Politics and protest,
Politics and protest,
Politics and protest,
Politics and protest,
Politics and protest,
Politics and protest,
Politics and protest,
Politics and protest,
Politics and protest,
Politics and protest,
Politics and protest,
Politics and protest,
Politics and protest,
Politics and protest,
Politics and protest,
Politics and protest,
Politics and protest,
Politics and protest,
Politics and protest,
Politics and protest,
Politics and protest,
Politics and protest,
Politics and protest,
Politics and protest,
Politics and protest,
Politics and protest,
Politics and protest,
Politics and protest,
Politics and protest,
Politics and protest,
Politics and protest,
Politics and protest,
Politics and protest,
Politics and protest,
Politics and protest,
Politics and protest,
Politics and protest,
Politics and protest,
Politics and protest,
Politics and protest,
Politics and protest,
Politics and protest,
Politics and protest,
Politics and protest,
Politics and protest,
Politics and protest,
Politics and protest,
Politics and protest,
Politics and protest,
Politics and protest,
Politics and protest,
Politics and protest,
Politics and protest,
Politics and protest,
Politics and protest,
Politics and protest,
Politics and protest,
Politics and protest,
Politics and protest,
Politics and protest,
Politics and protest,
Politics and protest,
Politics and protest,
Politics and protest,
Politics and protest,
Politics and protest,
Politics and protest,
Politics and protest,
Politics and protest,
Politics and protest,
Politics and protest,
Politics and protest,
Politics and protest,
Politics and protest,
Politics and protest,
Politics and protest,
Politics and protest,
Politics and protest,
Politics and protest,
Politics and protest,
Politics and protest,
Politics and protest,
Politics and protest,
Politics and protest,
Politics and protest,
Life and death,
Life and death,
Life and death,
Life and death,
Life and death,
Life and death,
Life and death,
Life and death,
Life and death,
Life and death,
Life and death,
Life and death,
Life and death,
Life and death,
Life and death,
Life and death,
Life and death,
Life and death,
Life and death,
Life and death,
Life and death,
Life and death,
Life and death,
Life and death,
Life and death,
Life and death,
Life and death,
Life and death,
Life and death,
Life and death,
Life and death,
Life and death,
Life and death,
Life and death,
Life and death,
Life and death,
Life and death,
Life and death,
Life and death,
Life and death,
Life and death,
Life and death,
Life and death,
Life and death,
Life and death,
Life and death,
Life and death,
Life and death,
Life and death,
Life and death,
Life and death,
Life and death,
Life and death,
Life and death,
Life and death,
Life and death,
Life and death,
Life and death,
Life and death,
Life and death,
Life and death,
Life and death,
Life and death,
Life and death,
Life and death,
Life and death,
Life and death,
Life and death,
Life and death,
Life and death,
Life and death,
Life and death,
Life and death,
Life and death,
Life and death,
Life and death,
Life and death,
Life and death,
Life and death,
Life and death,
Life and death,
Life and death,
Life and death,
Life and death,
Life and death,
Life and death,
Life and death,
Life and death,
Life and death,
Life and death,
Life and death,
Life and death,
Life and death,
Life and death,
Life and death,
Life and death,
Life and death,
Life and death,
Life and death,
Life and death,
Life and death,
Life and death,
Life and death,
Life and death,
Life and death,
Life and death,
Life and death,
Life and death,
Life and death,
Life and death,
Life and death,
Life and death,
Life and death,
Life and death,
Life and death,
Life and death,
Life and death,
Life and death,
Life and death,
Life and death,
Life and death,
Life and death,
Life and death,
Life and death,
Life and death,
Life and death,
Life and death,
Life and death,
Life and death,
Life and death,
Life and death,
Party songs,
Party songs,
Party songs,
Party songs,
Party songs,
Party songs,
Party songs,
Party songs,
Party songs,
Party songs,
Party songs,
Party songs,
Party songs,
Party songs,
Party songs,
Party songs,
Party songs,
Party songs,
Party songs,
Party songs,
Party songs,
Party songs,
Party songs,
Party songs,
Party songs,
Party songs,
Party songs,
Party songs,
Party songs,
Party songs,
Party songs,
Party songs,
Party songs,
Party songs,
Party songs,
Party songs,
Party songs,
Party songs,
Party songs,
Party songs,
Party songs,
Party songs,
Party songs,
Party songs,
Party songs,
Party songs,
Party songs,
Party songs,
Party songs,
Party songs,
Party songs,
Party songs,
Party songs,
Party songs,
Party songs,
Party songs,
Party songs,
Party songs,
Party songs,
Party songs,
Party songs,
Party songs,
Party songs,
Party songs,
Party songs,
Party songs,
Party songs,
Party songs,
Party songs,
Party songs,
Party songs,
Party songs,
Party songs,
Party songs,
Party songs,
Party songs,
Party songs,
Party songs,
Party songs,
Party songs,
Party songs,
Party songs,
Party songs,
Party songs,
Party songs,
Party songs,
Party songs,
Party songs,
Party songs,
Party songs,
Party songs,
Party songs,
Party songs,
Party songs,
Party songs,
Party songs,
Party songs,
Party songs,
Party songs,
Party songs,
Party songs,
Party songs,
Party songs,
Party songs,
Party songs,
Party songs,
Party songs,
Party songs,
Party songs,
Party songs,
Party songs,
Party songs,
Party songs,
Party songs,
Party songs,
Party songs,
Party songs,
Party songs,
Party songs,
Party songs,
Party songs,
Party songs,
Party songs,
Party songs,
Party songs,
Party songs,
Party songs,
Party songs,
Party songs,
Party songs,
Party songs,
Party songs,
Party songs,
Party songs,
Party songs,
Party songs,
Party songs,
Party songs,
Party songs,
Party songs,
Party songs,
Party songs,
Party songs,
Party songs,
Party songs,
Party songs,
Party songs,
Party songs,
Party songs,
Party songs,
Party songs,
Party songs,
Party songs,
Party songs,
Party songs,
Party songs,
Party songs,
Party songs,
Party songs,
Party songs,
Party songs,
